epoch,time,train/box_loss,train/cls_loss,train/dfl_loss,train/angle_loss,metrics/precision(B),metrics/recall(B),metrics/mAP50(B),metrics/mAP50-95(B),val/box_loss,val/cls_loss,val/dfl_loss,val/angle_loss,lr/pg0,lr/pg1,lr/pg2
1,16.7199,2.4395,4.20891,2.48035,0.22635,0.11573,0.76309,0.183,0.05407,2.02695,2.95916,2.20004,0.21078,0.00016,0.00016,0.08416
2,30.9721,2.0062,2.45978,2.01373,0.20037,0.40833,0.33915,0.32173,0.11351,1.89781,2.66033,1.99265,0.17807,0.000329991,0.000329991,0.06733
3,44.8743,1.71682,1.74633,1.99586,0.13998,0.4465,0.71818,0.51627,0.23167,1.51408,1.60014,1.9222,0.08438,0.000499946,0.000499946,0.0504999
4,58.4882,1.55703,1.53022,2.10279,0.10927,0.50963,0.72319,0.59237,0.25694,1.65007,1.47309,2.04152,0.08158,0.000669836,0.000669836,0.0336698
5,72.0505,1.55446,1.42542,2.12155,0.09809,0.62876,0.70574,0.69016,0.32884,1.61268,1.42635,2.06934,0.0735,0.000839635,0.000839635,0.0168396
6,86.3898,1.63689,1.2914,1.96646,0.10032,0.74774,0.83541,0.83989,0.48057,1.3387,1.11599,1.8863,0.06327,0.000999322,0.000999322,0.000999322
7,100.525,1.58953,1.23978,1.92785,0.09576,0.78576,0.84147,0.86214,0.47516,1.32343,1.12142,1.92868,0.06354,0.000999023,0.000999023,0.000999023
8,114.649,1.44929,1.15326,1.88545,0.08681,0.7703,0.8404,0.8637,0.44762,1.43173,1.07661,1.9737,0.0639,0.000998671,0.000998671,0.000998671
9,129.027,1.42047,1.07629,1.85015,0.09015,0.83282,0.86783,0.90275,0.52244,1.29746,0.9757,1.79561,0.05658,0.000998264,0.000998264,0.000998264
10,142.887,1.37824,1.0824,1.71574,0.0833,0.85351,0.8803,0.91844,0.57816,1.19002,0.93247,1.64965,0.0491,0.000997803,0.000997803,0.000997803
11,156.936,1.37517,1.00568,1.6638,0.08047,0.82841,0.89094,0.91684,0.54778,1.23318,1.03597,1.6824,0.04648,0.000997288,0.000997288,0.000997288
12,171.075,1.34813,1.00066,1.62661,0.07503,0.80085,0.88279,0.90853,0.49544,1.40156,1.13018,1.79016,0.04991,0.00099672,0.00099672,0.00099672
13,185.022,1.34402,0.99237,1.61989,0.08239,0.8577,0.87531,0.92932,0.53848,1.3487,0.9881,1.71815,0.04997,0.000996097,0.000996097,0.000996097
14,199.039,1.29944,0.93363,1.56661,0.06719,0.89221,0.88778,0.94958,0.6078,1.20685,0.87117,1.56048,0.0436,0.00099542,0.00099542,0.00099542
15,213.22,1.36804,0.94877,1.53379,0.07351,0.89446,0.90524,0.9541,0.6191,1.18269,0.85643,1.52732,0.04046,0.00099469,0.00099469,0.00099469
16,227.056,1.30024,0.93337,1.532,0.07499,0.90961,0.88778,0.95494,0.613,1.20886,0.84268,1.57114,0.04002,0.000993906,0.000993906,0.000993906
17,241.158,1.36189,0.93593,1.54524,0.08958,0.89767,0.89689,0.94893,0.58654,1.2176,0.85267,1.58968,0.03485,0.000993068,0.000993068,0.000993068
18,255.297,1.22272,0.90421,1.55298,0.05817,0.88793,0.90773,0.94657,0.59204,1.18471,0.83461,1.54298,0.03326,0.000992177,0.000992177,0.000992177
19,269.02,1.26619,0.87419,1.50763,0.06799,0.92701,0.93516,0.95621,0.66323,1.05272,0.7414,1.38242,0.03061,0.000991232,0.000991232,0.000991232
20,283.293,1.26252,0.85574,1.43543,0.07078,0.93787,0.94264,0.96334,0.67515,1.0489,0.72514,1.35088,0.03023,0.000990234,0.000990234,0.000990234
21,297.623,1.26644,0.86057,1.44454,0.07001,0.9326,0.9202,0.96529,0.62918,1.07053,0.75309,1.35149,0.03063,0.000989183,0.000989183,0.000989183
22,311.767,1.26505,0.85966,1.46229,0.0667,0.94577,0.91324,0.96959,0.65138,1.04415,0.73515,1.38801,0.02915,0.000988079,0.000988079,0.000988079
23,325.65,1.18128,0.81599,1.36662,0.05603,0.94248,0.93988,0.97182,0.68971,1.04598,0.70051,1.28402,0.03115,0.000986922,0.000986922,0.000986922
24,339.813,1.22996,0.83526,1.36714,0.05804,0.92625,0.94015,0.96943,0.68182,1.05114,0.70295,1.29169,0.0293,0.000985711,0.000985711,0.000985711
25,354.09,1.25552,0.83639,1.35158,0.07196,0.92605,0.9202,0.96336,0.63805,1.2026,0.75999,1.42447,0.02931,0.000984449,0.000984449,0.000984449
26,367.834,1.15974,0.80728,1.33715,0.05444,0.92564,0.9202,0.96309,0.60648,1.25155,0.7712,1.47051,0.0264,0.000983133,0.000983133,0.000983133
27,381.932,1.21844,0.80298,1.31354,0.0635,0.94585,0.92768,0.9734,0.63537,1.11351,0.70612,1.35055,0.0236,0.000981765,0.000981765,0.000981765
28,396.026,1.17592,0.75812,1.26852,0.06088,0.96162,0.9372,0.97855,0.70557,0.98865,0.66099,1.23459,0.02259,0.000980345,0.000980345,0.000980345
29,410.166,1.22553,0.78593,1.31336,0.06477,0.96648,0.93486,0.98043,0.71693,0.98781,0.65778,1.22474,0.02304,0.000978873,0.000978873,0.000978873
30,424.048,1.17751,0.75893,1.27666,0.05775,0.94934,0.93469,0.98089,0.68567,0.9856,0.67791,1.230037,0.02589,0.000977349,0.000977349,0.000977349
31,438.178,1.19107,0.7482,1.2832,0.06045,0.95149,0.92933,0.97906,0.68013,1.01193,0.67555,1.24084,0.02691,0.000975773,0.000975773,0.000975773
32,452.07,1.11108,0.71292,1.21917,0.0501,0.96385,0.93084,0.98157,0.71686,0.99491,0.63949,1.22202,0.02616,0.000974145,0.000974145,0.000974145
33,465.962,1.16837,0.72494,1.27337,0.05721,0.96926,0.93516,0.98092,0.73765,0.92466,0.61518,1.17363,0.02331,0.000972466,0.000972466,0.000972466
34,479.838,1.14746,0.73539,1.28304,0.05955,0.95441,0.94763,0.98226,0.7364,0.92854,0.61396,1.18266,0.0226,0.000970736,0.000970736,0.000970736
35,493.989,1.13663,0.71461,1.24956,0.05991,0.95917,0.94015,0.98241,0.71118,0.99535,0.62819,1.23247,0.02189,0.000968955,0.000968955,0.000968955
36,508.23,1.14458,0.7377,1.3165,0.06594,0.95445,0.94063,0.98286,0.70928,0.99901,0.62353,1.23284,0.02145,0.000967122,0.000967122,0.000967122
37,522.508,1.11008,0.70288,1.23504,0.05051,0.94921,0.94763,0.9806,0.72227,0.96824,0.61487,1.19161,0.02546,0.000965239,0.000965239,0.000965239
38,536.185,1.11905,0.71052,1.28701,0.05518,0.94148,0.94763,0.98059,0.70661,1.02374,0.62878,1.20624,0.0306,0.000963306,0.000963306,0.000963306
39,550.046,1.10704,0.69987,1.23121,0.05322,0.95746,0.93766,0.98299,0.68692,1.07153,0.63726,1.24244,0.0272,0.000961322,0.000961322,0.000961322
40,563.894,1.06664,0.67508,1.23131,0.04623,0.9474,0.94329,0.98226,0.70998,1.00681,0.61472,1.20241,0.02238,0.000959289,0.000959289,0.000959289
41,577.925,1.08568,0.66959,1.21034,0.04612,0.95346,0.95511,0.98391,0.74547,0.92449,0.59425,1.14803,0.02061,0.000957205,0.000957205,0.000957205
42,591.685,1.10738,0.69239,1.24621,0.05546,0.94357,0.95761,0.98222,0.74589,0.92186,0.5973,1.14913,0.01967,0.000955072,0.000955072,0.000955072
43,605.52,1.10788,0.69538,1.26964,0.05741,0.94773,0.94958,0.98183,0.72688,0.9661,0.61023,1.17906,0.01998,0.000952889,0.000952889,0.000952889
44,619.687,1.03913,0.65648,1.16822,0.04093,0.94831,0.94015,0.98214,0.7266,0.98291,0.60605,1.18304,0.02213,0.000950658,0.000950658,0.000950658
45,633.891,1.06941,0.6609,1.19341,0.04843,0.96181,0.93766,0.9839,0.72662,0.99804,0.60571,1.18394,0.02446,0.000948377,0.000948377,0.000948377
46,647.746,1.09001,0.66583,1.1985,0.05778,0.96001,0.93267,0.97978,0.70105,1.00603,0.62091,1.18588,0.02804,0.000946048,0.000946048,0.000946048
47,661.935,1.04361,0.64237,1.18892,0.04679,0.95189,0.93766,0.98176,0.71065,1.00965,0.60706,1.19804,0.02734,0.000943671,0.000943671,0.000943671
48,676.147,1.06164,0.66953,1.19233,0.05009,0.9524,0.93516,0.97745,0.71083,0.99038,0.61912,1.19655,0.02409,0.000941245,0.000941245,0.000941245
49,690.035,1.05574,0.66523,1.1951,0.04801,0.94735,0.94514,0.97973,0.72506,0.94057,0.5989,1.16625,0.02163,0.000938772,0.000938772,0.000938772
50,704.046,1.08018,0.64628,1.17044,0.04998,0.94941,0.93592,0.97902,0.72034,0.94173,0.59608,1.16737,0.02116,0.000936251,0.000936251,0.000936251
51,717.995,1.04311,0.64503,1.19538,0.04842,0.9397,0.94015,0.97647,0.68108,0.94615,0.64847,1.158,0.0221,0.000933683,0.000933683,0.000933683
52,731.935,1.06237,0.66363,1.20496,0.04493,0.94503,0.94314,0.98016,0.69362,0.95795,0.60827,1.18362,0.02126,0.000931067,0.000931067,0.000931067
53,746.073,1.05743,0.64959,1.22386,0.04608,0.95493,0.95113,0.98072,0.75142,0.92432,0.57677,1.14272,0.02088,0.000928405,0.000928405,0.000928405
54,760.13,1.07268,0.63978,1.19068,0.04444,0.95643,0.94264,0.98096,0.73261,0.96886,0.56983,1.17582,0.02307,0.000925697,0.000925697,0.000925697
55,773.785,1.0147,0.61151,1.14833,0.04167,0.94439,0.93169,0.97828,0.70127,0.98889,0.59413,1.22581,0.02435,0.000922942,0.000922942,0.000922942
56,787.946,1.07346,0.63507,1.1709,0.04797,0.95431,0.93761,0.97904,0.72755,0.96456,0.57055,1.1773,0.02298,0.000920142,0.000920142,0.000920142
57,801.697,1.0528,0.63484,1.19055,0.04528,0.95665,0.93766,0.98077,0.7467,0.91238,0.54994,1.14968,0.02083,0.000917296,0.000917296,0.000917296
58,815.772,1.02489,0.61426,1.14488,0.04542,0.95462,0.94418,0.98161,0.7423,0.91559,0.55212,1.16051,0.01855,0.000914405,0.000914405,0.000914405
59,829.802,0.98055,0.59616,1.16766,0.04285,0.95698,0.94514,0.97991,0.72416,0.95611,0.56962,1.18905,0.01826,0.000911469,0.000911469,0.000911469
60,844.083,1.02068,0.62502,1.19961,0.04842,0.95246,0.94264,0.98175,0.74205,0.90941,0.55847,1.15428,0.01975,0.000908488,0.000908488,0.000908488
61,858.512,0.97558,0.60982,1.15139,0.03951,0.95612,0.93516,0.97944,0.71079,0.99291,0.58969,1.19281,0.02638,0.000905463,0.000905463,0.000905463
62,872.813,0.99168,0.62175,1.18648,0.04436,0.946,0.93516,0.9782,0.71567,0.99169,0.5884,1.185,0.02848,0.000902395,0.000902395,0.000902395
63,886.762,1.0143,0.62248,1.16268,0.04377,0.95754,0.94763,0.9845,0.75496,0.89358,0.55102,1.12346,0.02479,0.000899282,0.000899282,0.000899282
64,900.891,1.01726,0.60229,1.16572,0.04633,0.95691,0.94138,0.98471,0.74248,0.92978,0.55243,1.15142,0.02265,0.000896127,0.000896127,0.000896127
65,914.884,0.98177,0.60147,1.13755,0.04062,0.95671,0.93686,0.98252,0.70422,0.92679,0.57944,1.15957,0.02203,0.000892928,0.000892928,0.000892928
66,928.895,0.98949,0.60675,1.17726,0.04359,0.96267,0.94514,0.98534,0.74227,0.92799,0.54722,1.15524,0.02192,0.000889687,0.000889687,0.000889687
67,943.28,0.98066,0.61609,1.21179,0.04169,0.95047,0.95704,0.983,0.75985,0.8736,0.53436,1.11891,0.0209,0.000886404,0.000886404,0.000886404
68,957.426,0.99113,0.60147,1.17266,0.04516,0.96052,0.94514,0.98533,0.74514,0.90907,0.54912,1.14231,0.02028,0.000883079,0.000883079,0.000883079
69,971.777,1.06293,0.63857,1.18856,0.04626,0.95108,0.92768,0.97837,0.70508,0.92367,0.63847,1.16379,0.02423,0.000879713,0.000879713,0.000879713
70,986.239,1.02514,0.60959,1.13657,0.04194,0.96767,0.92768,0.98135,0.70467,0.91409,0.58035,1.15733,0.02028,0.000876305,0.000876305,0.000876305
71,1000.6,0.9718,0.58883,1.15458,0.04433,0.9613,0.93267,0.98423,0.74523,0.92899,0.54874,1.15764,0.01929,0.000872857,0.000872857,0.000872857
72,1014.67,1.00792,0.59549,1.15921,0.03812,0.9619,0.94451,0.98326,0.73128,0.95987,0.55443,1.17838,0.02136,0.000869368,0.000869368,0.000869368
73,1028.85,0.98038,0.58304,1.11985,0.03971,0.96102,0.9222,0.97719,0.72329,0.9455,0.61205,1.17265,0.02506,0.000865839,0.000865839,0.000865839
74,1043.3,0.96605,0.58169,1.13681,0.03964,0.93631,0.92768,0.97154,0.71164,0.94579,0.67874,1.18768,0.02753,0.000862271,0.000862271,0.000862271
75,1057.41,0.98543,0.5999,1.16018,0.03631,0.94228,0.93516,0.97482,0.70805,0.93202,0.65462,1.17778,0.02508,0.000858664,0.000858664,0.000858664
76,1071.83,0.97533,0.59656,1.16335,0.03876,0.95956,0.94686,0.98361,0.72527,0.94392,0.56596,1.17807,0.0214,0.000855018,0.000855018,0.000855018
77,1085.99,1.00243,0.59392,1.15561,0.04451,0.95568,0.95012,0.98571,0.70977,0.89765,0.53668,1.12735,0.0206,0.000851333,0.000851333,0.000851333
78,1100.36,0.92599,0.56072,1.13882,0.03549,0.95735,0.95511,0.98428,0.73736,0.93639,0.5522,1.15225,0.0222,0.000847611,0.000847611,0.000847611
79,1114.54,0.96604,0.58878,1.17194,0.03775,0.95456,0.93766,0.98062,0.70492,0.9403,0.59728,1.16168,0.0254,0.000843851,0.000843851,0.000843851
80,1128.53,0.96196,0.57564,1.14478,0.04056,0.95436,0.93855,0.97928,0.72122,0.95893,0.58886,1.17257,0.02642,0.000840054,0.000840054,0.000840054
81,1143.06,0.97986,0.57904,1.16866,0.04666,0.96907,0.93765,0.98497,0.74426,0.93801,0.53538,1.14133,0.02373,0.00083622,0.00083622,0.00083622
82,1157.93,0.91123,0.55036,1.10456,0.03282,0.96909,0.93816,0.9858,0.75422,0.90111,0.52268,1.12092,0.02114,0.000832349,0.000832349,0.000832349
83,1172.03,0.94617,0.55523,1.13287,0.03591,0.9691,0.93838,0.98627,0.75113,0.90434,0.52354,1.1324,0.01884,0.000828443,0.000828443,0.000828443
84,1186.81,0.93684,0.55877,1.11934,0.0405,0.96641,0.94514,0.98505,0.77199,0.95777,0.53454,1.17275,0.01817,0.000824502,0.000824502,0.000824502
85,1201.12,0.9269,0.55725,1.10091,0.03523,0.96914,0.93982,0.9839,0.72316,0.91277,0.54568,1.14985,0.02005,0.000820525,0.000820525,0.000820525
86,1215.03,0.90179,0.55196,1.10649,0.03652,0.95142,0.95511,0.98658,0.75653,0.89015,0.52413,1.1246,0.02093,0.000816514,0.000816514,0.000816514
87,1229.19,0.91257,0.56368,1.09747,0.03345,0.95949,0.9451,0.98586,0.75525,0.89865,0.52377,1.13168,0.01957,0.000812468,0.000812468,0.000812468
88,1243.34,0.88424,0.55695,1.12483,0.03497,0.96375,0.95012,0.9853,0.76564,0.9597,0.54173,1.17165,0.01995,0.000808389,0.000808389,0.000808389
89,1257.63,0.92909,0.55482,1.12221,0.03936,0.96673,0.94208,0.98444,0.74461,0.93109,0.53175,1.15379,0.01989,0.000804277,0.000804277,0.000804277
90,1271.95,0.94174,0.57194,1.08967,0.03925,0.95461,0.9601,0.98337,0.77858,0.83705,0.50409,1.0886,0.01851,0.000800131,0.000800131,0.000800131
91,1285.97,0.94145,0.554,1.1031,0.04006,0.95282,0.95692,0.98059,0.77421,0.84885,0.5084,1.09413,0.01937,0.000795954,0.000795954,0.000795954
92,1300.41,0.91195,0.54988,1.11309,0.03768,0.9499,0.95761,0.98499,0.75598,0.9032,0.51574,1.13507,0.02031,0.000791744,0.000791744,0.000791744
93,1314.14,0.9024,0.54556,1.16637,0.03347,0.94867,0.95761,0.98444,0.76901,0.95982,0.533,1.17721,0.02113,0.000787503,0.000787503,0.000787503
94,1328.23,0.92411,0.54913,1.12603,0.03686,0.94911,0.95761,0.9816,0.75012,0.92427,0.51934,1.15095,0.0197,0.000783231,0.000783231,0.000783231
95,1342.54,0.93538,0.55196,1.11167,0.04195,0.95194,0.95511,0.98244,0.76527,0.88294,0.50567,1.1177,0.01845,0.000778929,0.000778929,0.000778929
96,1356.85,0.93033,0.55593,1.15819,0.04162,0.94337,0.95555,0.98236,0.75952,0.89055,0.51172,1.12718,0.01832,0.000774596,0.000774596,0.000774596
97,1370.64,0.93852,0.55834,1.13652,0.0367,0.96907,0.93753,0.98043,0.70935,0.91938,0.54432,1.13186,0.0212,0.000770234,0.000770234,0.000770234
98,1384.85,0.91428,0.55723,1.121,0.03482,0.96159,0.93638,0.98346,0.72262,0.96201,0.56052,1.16606,0.02385,0.000765843,0.000765843,0.000765843
99,1398.98,0.8637,0.51897,1.08639,0.03138,0.93838,0.9601,0.98682,0.73703,0.9435,0.521,1.17295,0.02213,0.000761423,0.000761423,0.000761423
100,1412.87,0.93072,0.54482,1.11622,0.04182,0.94009,0.96259,0.98686,0.76752,0.86927,0.50021,1.11258,0.0192,0.000756976,0.000756976,0.000756976
101,1427.05,0.90411,0.53423,1.12366,0.03379,0.94091,0.96509,0.98248,0.76214,0.88351,0.5053,1.1218,0.01836,0.0007525,0.0007525,0.0007525
102,1441.32,0.92521,0.55377,1.14062,0.03276,0.94364,0.95511,0.9852,0.72272,0.93394,0.56832,1.14651,0.02049,0.000747997,0.000747997,0.000747997
103,1455.78,0.87248,0.53534,1.08416,0.03062,0.9439,0.96497,0.98213,0.72052,0.92271,0.53502,1.16087,0.01814,0.000743468,0.000743468,0.000743468
104,1470.03,0.91225,0.53026,1.1145,0.03585,0.94802,0.96509,0.98481,0.73275,0.93585,0.52258,1.19461,0.01886,0.000738913,0.000738913,0.000738913
105,1484.1,0.94458,0.55211,1.18006,0.03937,0.95319,0.96473,0.98541,0.72532,0.94617,0.54265,1.19025,0.02168,0.000734332,0.000734332,0.000734332
106,1498.22,0.88841,0.51777,1.13573,0.03044,0.9519,0.9601,0.98547,0.72383,0.95444,0.53686,1.19204,0.02275,0.000729725,0.000729725,0.000729725
107,1512.71,0.86713,0.51089,1.1151,0.03321,0.9487,0.96259,0.98615,0.75215,0.92886,0.51017,1.15421,0.02101,0.000725094,0.000725094,0.000725094
108,1526.4,0.93464,0.53893,1.09461,0.03721,0.95305,0.9617,0.9865,0.75764,0.91714,0.50626,1.13837,0.02101,0.000720439,0.000720439,0.000720439
109,1540.58,0.88805,0.52471,1.07873,0.03164,0.95342,0.95761,0.9866,0.72247,0.95018,0.52713,1.17724,0.02222,0.000715761,0.000715761,0.000715761
110,1554.63,0.89394,0.52313,1.1252,0.03779,0.94297,0.95761,0.98576,0.72618,0.96002,0.53843,1.18203,0.02168,0.000711059,0.000711059,0.000711059
111,1568.7,0.85538,0.51385,1.09721,0.02869,0.94341,0.9601,0.98518,0.71893,0.93914,0.53053,1.15021,0.02154,0.000706335,0.000706335,0.000706335
112,1582.8,0.88748,0.51528,1.12205,0.03398,0.94364,0.9604,0.98486,0.74284,0.94735,0.51196,1.1603,0.02103,0.000701588,0.000701588,0.000701588
113,1597.21,0.87011,0.50773,1.07293,0.03273,0.94839,0.96237,0.98485,0.73421,0.98774,0.51983,1.19977,0.02143,0.00069682,0.00069682,0.00069682
114,1611.2,0.88005,0.51281,1.08876,0.03115,0.95064,0.96062,0.98497,0.73753,0.98448,0.54665,1.19953,0.02181,0.000692031,0.000692031,0.000692031
115,1625.4,0.85821,0.51464,1.08228,0.03491,0.94672,0.95761,0.98374,0.7227,0.97287,0.54911,1.18551,0.02145,0.000687222,0.000687222,0.000687222
116,1639.28,0.86098,0.50921,1.09333,0.03593,0.94917,0.95262,0.98518,0.7181,0.99066,0.54861,1.20571,0.02156,0.000682392,0.000682392,0.000682392
117,1653.53,0.8614,0.51618,1.09325,0.03087,0.95724,0.95511,0.9853,0.71105,0.99885,0.53014,1.22658,0.02143,0.000677543,0.000677543,0.000677543
118,1667.62,0.85699,0.50731,1.09111,0.03203,0.95959,0.95012,0.98732,0.72746,0.97907,0.51071,1.19769,0.01973,0.000672675,0.000672675,0.000672675
119,1681.29,0.83672,0.48704,1.08698,0.03277,0.96192,0.94264,0.98715,0.74543,0.93042,0.49523,1.1639,0.01836,0.000667789,0.000667789,0.000667789
120,1695.24,0.89131,0.5124,1.08772,0.03338,0.97303,0.94264,0.98441,0.73262,0.97051,0.50671,1.19954,0.01901,0.000662885,0.000662885,0.000662885
121,1709.11,0.85735,0.50053,1.08157,0.03701,0.97431,0.94264,0.9811,0.7299,0.97034,0.50541,1.19797,0.02022,0.000657963,0.000657963,0.000657963
122,1723.69,0.85179,0.49441,1.09024,0.02931,0.96731,0.94264,0.9843,0.75224,0.91702,0.49564,1.15317,0.02074,0.000653025,0.000653025,0.000653025
123,1737.91,0.82375,0.48849,1.07456,0.03147,0.95261,0.95244,0.9863,0.74211,0.95313,0.50047,1.1794,0.02236,0.000648071,0.000648071,0.000648071
124,1751.98,0.81647,0.47772,1.06529,0.02817,0.95256,0.95136,0.98634,0.73404,0.97136,0.50267,1.19994,0.02129,0.000643101,0.000643101,0.000643101
125,1765.95,0.84328,0.50693,1.0796,0.03299,0.97921,0.93985,0.98738,0.76234,0.9103,0.48385,1.15468,0.01835,0.000638115,0.000638115,0.000638115
126,1779.83,0.83111,0.49665,1.07396,0.02768,0.97807,0.94015,0.9871,0.75289,0.92731,0.49104,1.17267,0.01823,0.000633115,0.000633115,0.000633115
127,1794.11,0.87852,0.52217,1.07245,0.03412,0.97425,0.93766,0.98616,0.71838,0.98993,0.50922,1.20808,0.02123,0.000628101,0.000628101,0.000628101
128,1808.14,0.85556,0.50469,1.06997,0.03251,0.97488,0.93766,0.98334,0.7264,0.9892,0.50051,1.20431,0.02092,0.000623074,0.000623074,0.000623074
129,1822.14,0.85073,0.51016,1.08221,0.0297,0.97162,0.93909,0.98454,0.76035,0.89975,0.47693,1.1507,0.01904,0.000618034,0.000618034,0.000618034
130,1836.4,0.85171,0.49654,1.08709,0.02932,0.96903,0.93643,0.9861,0.75583,0.92235,0.48404,1.16693,0.01944,0.000612981,0.000612981,0.000612981
131,1850.42,0.84732,0.50164,1.0691,0.03002,0.96664,0.93947,0.98416,0.71491,0.92651,0.51054,1.17302,0.02105,0.000607916,0.000607916,0.000607916
132,1864.6,0.81896,0.47615,1.08258,0.02816,0.97412,0.9388,0.98289,0.70865,0.94889,0.51383,1.19972,0.02046,0.00060284,0.00060284,0.00060284
133,1878.44,0.84706,0.48389,1.09912,0.03212,0.97852,0.94015,0.98587,0.74758,0.94476,0.48783,1.19413,0.01807,0.000597754,0.000597754,0.000597754
134,1892.26,0.86199,0.5106,1.06335,0.0312,0.97602,0.94514,0.98831,0.71895,0.9545,0.51182,1.18798,0.01952,0.000592657,0.000592657,0.000592657
135,1905.71,0.85277,0.50945,1.08834,0.03424,0.95007,0.94909,0.98424,0.71376,0.98778,0.53649,1.20094,0.02331,0.000587551,0.000587551,0.000587551
136,1919.86,0.87249,0.50661,1.14759,0.03479,0.94755,0.94763,0.98651,0.72934,0.96934,0.53635,1.197,0.026,0.000582435,0.000582435,0.000582435
137,1933.89,0.83261,0.49095,1.07283,0.02896,0.96815,0.93516,0.98546,0.72829,0.9838,0.51216,1.20014,0.02495,0.000577311,0.000577311,0.000577311
138,1947.99,0.83761,0.49145,1.10239,0.03096,0.96973,0.93766,0.98655,0.73593,0.97458,0.50832,1.19794,0.02313,0.000572179,0.000572179,0.000572179
139,1962.29,0.84508,0.50178,1.08928,0.02781,0.94791,0.95291,0.98676,0.7222,0.98784,0.53411,1.20395,0.02392,0.00056704,0.00056704,0.00056704
140,1976.46,0.83226,0.50326,1.03175,0.02917,0.95228,0.95511,0.98666,0.73052,0.9773,0.53602,1.1996,0.02143,0.000561894,0.000561894,0.000561894
